MaskImages,InputImages,TargetImages
/content/GANsig/Averages/original_6_avr.png,/content/GANsig/Inputs/original_6_22.png,/content/GANsig/Targets/original_6_22.png
/content/GANsig/Averages/original_6_avr.png,/content/GANsig/Inputs/original_6_11.png,/content/GANsig/Targets/original_6_11.png
/content/GANsig/Averages/original_6_avr.png,/content/GANsig/Inputs/original_6_24.png,/content/GANsig/Targets/original_6_24.png
/content/GANsig/Averages/original_6_avr.png,/content/GANsig/Inputs/original_6_14.png,/content/GANsig/Targets/original_6_14.png
/content/GANsig/Averages/original_6_avr.png,/content/GANsig/Inputs/original_6_1.png,/content/GANsig/Targets/original_6_1.png
/content/GANsig/Averages/original_6_avr.png,/content/GANsig/Inputs/original_6_15.png,/content/GANsig/Targets/original_6_15.png
/content/GANsig/Averages/original_6_avr.png,/content/GANsig/Inputs/original_6_16.png,/content/GANsig/Targets/original_6_16.png
/content/GANsig/Averages/original_6_avr.png,/content/GANsig/Inputs/original_6_4.png,/content/GANsig/Targets/original_6_4.png
/content/GANsig/Averages/original_6_avr.png,/content/GANsig/Inputs/original_6_9.png,/content/GANsig/Targets/original_6_9.png
/content/GANsig/Averages/original_6_avr.png,/content/GANsig/Inputs/original_6_12.png,/content/GANsig/Targets/original_6_12.png
/content/GANsig/Averages/original_6_avr.png,/content/GANsig/Inputs/original_6_23.png,/content/GANsig/Targets/original_6_23.png
/content/GANsig/Averages/original_6_avr.png,/content/GANsig/Inputs/original_6_10.png,/content/GANsig/Targets/original_6_10.png
/content/GANsig/Averages/original_6_avr.png,/content/GANsig/Inputs/original_6_21.png,/content/GANsig/Targets/original_6_21.png
/content/GANsig/Averages/original_6_avr.png,/content/GANsig/Inputs/original_6_18.png,/content/GANsig/Targets/original_6_18.png
/content/GANsig/Averages/original_6_avr.png,/content/GANsig/Inputs/original_6_2.png,/content/GANsig/Targets/original_6_2.png
/content/GANsig/Averages/original_6_avr.png,/content/GANsig/Inputs/original_6_19.png,/content/GANsig/Targets/original_6_19.png
/content/GANsig/Averages/original_6_avr.png,/content/GANsig/Inputs/original_6_8.png,/content/GANsig/Targets/original_6_8.png
/content/GANsig/Averages/original_6_avr.png,/content/GANsig/Inputs/original_6_20.png,/content/GANsig/Targets/original_6_20.png
/content/GANsig/Averages/original_6_avr.png,/content/GANsig/Inputs/original_6_6.png,/content/GANsig/Targets/original_6_6.png
/content/GANsig/Averages/original_6_avr.png,/content/GANsig/Inputs/original_6_7.png,/content/GANsig/Targets/original_6_7.png
/content/GANsig/Averages/original_6_avr.png,/content/GANsig/Inputs/original_6_17.png,/content/GANsig/Targets/original_6_17.png
/content/GANsig/Averages/original_6_avr.png,/content/GANsig/Inputs/original_6_5.png,/content/GANsig/Targets/original_6_5.png
/content/GANsig/Averages/original_6_avr.png,/content/GANsig/Inputs/original_6_3.png,/content/GANsig/Targets/original_6_3.png
/content/GANsig/Averages/original_6_avr.png,/content/GANsig/Inputs/original_6_13.png,/content/GANsig/Targets/original_6_13.png
/content/GANsig/Averages/original_2_avr.png,/content/GANsig/Inputs/original_2_18.png,/content/GANsig/Targets/original_2_18.png
/content/GANsig/Averages/original_2_avr.png,/content/GANsig/Inputs/original_2_7.png,/content/GANsig/Targets/original_2_7.png
/content/GANsig/Averages/original_2_avr.png,/content/GANsig/Inputs/original_2_12.png,/content/GANsig/Targets/original_2_12.png
/content/GANsig/Averages/original_2_avr.png,/content/GANsig/Inputs/original_2_11.png,/content/GANsig/Targets/original_2_11.png
/content/GANsig/Averages/original_2_avr.png,/content/GANsig/Inputs/original_2_23.png,/content/GANsig/Targets/original_2_23.png
/content/GANsig/Averages/original_2_avr.png,/content/GANsig/Inputs/original_2_2.png,/content/GANsig/Targets/original_2_2.png
/content/GANsig/Averages/original_2_avr.png,/content/GANsig/Inputs/original_2_10.png,/content/GANsig/Targets/original_2_10.png
/content/GANsig/Averages/original_2_avr.png,/content/GANsig/Inputs/original_2_3.png,/content/GANsig/Targets/original_2_3.png
/content/GANsig/Averages/original_2_avr.png,/content/GANsig/Inputs/original_2_4.png,/content/GANsig/Targets/original_2_4.png
/content/GANsig/Averages/original_2_avr.png,/content/GANsig/Inputs/original_2_15.png,/content/GANsig/Targets/original_2_15.png
/content/GANsig/Averages/original_2_avr.png,/content/GANsig/Inputs/original_2_22.png,/content/GANsig/Targets/original_2_22.png
/content/GANsig/Averages/original_2_avr.png,/content/GANsig/Inputs/original_2_24.png,/content/GANsig/Targets/original_2_24.png
/content/GANsig/Averages/original_2_avr.png,/content/GANsig/Inputs/original_2_21.png,/content/GANsig/Targets/original_2_21.png
/content/GANsig/Averages/original_2_avr.png,/content/GANsig/Inputs/original_2_19.png,/content/GANsig/Targets/original_2_19.png
/content/GANsig/Averages/original_2_avr.png,/content/GANsig/Inputs/original_2_14.png,/content/GANsig/Targets/original_2_14.png
/content/GANsig/Averages/original_2_avr.png,/content/GANsig/Inputs/original_2_16.png,/content/GANsig/Targets/original_2_16.png
/content/GANsig/Averages/original_2_avr.png,/content/GANsig/Inputs/original_2_9.png,/content/GANsig/Targets/original_2_9.png
/content/GANsig/Averages/original_2_avr.png,/content/GANsig/Inputs/original_2_17.png,/content/GANsig/Targets/original_2_17.png
/content/GANsig/Averages/original_2_avr.png,/content/GANsig/Inputs/original_2_13.png,/content/GANsig/Targets/original_2_13.png
/content/GANsig/Averages/original_2_avr.png,/content/GANsig/Inputs/original_2_5.png,/content/GANsig/Targets/original_2_5.png
/content/GANsig/Averages/original_2_avr.png,/content/GANsig/Inputs/original_2_1.png,/content/GANsig/Targets/original_2_1.png
/content/GANsig/Averages/original_2_avr.png,/content/GANsig/Inputs/original_2_20.png,/content/GANsig/Targets/original_2_20.png
/content/GANsig/Averages/original_2_avr.png,/content/GANsig/Inputs/original_2_6.png,/content/GANsig/Targets/original_2_6.png
/content/GANsig/Averages/original_2_avr.png,/content/GANsig/Inputs/original_2_8.png,/content/GANsig/Targets/original_2_8.png
/content/GANsig/Averages/original_3_avr.png,/content/GANsig/Inputs/original_3_20.png,/content/GANsig/Targets/original_3_20.png
/content/GANsig/Averages/original_3_avr.png,/content/GANsig/Inputs/original_3_14.png,/content/GANsig/Targets/original_3_14.png
/content/GANsig/Averages/original_3_avr.png,/content/GANsig/Inputs/original_3_17.png,/content/GANsig/Targets/original_3_17.png
/content/GANsig/Averages/original_3_avr.png,/content/GANsig/Inputs/original_3_10.png,/content/GANsig/Targets/original_3_10.png
/content/GANsig/Averages/original_3_avr.png,/content/GANsig/Inputs/original_3_9.png,/content/GANsig/Targets/original_3_9.png
/content/GANsig/Averages/original_3_avr.png,/content/GANsig/Inputs/original_3_16.png,/content/GANsig/Targets/original_3_16.png
/content/GANsig/Averages/original_3_avr.png,/content/GANsig/Inputs/original_3_2.png,/content/GANsig/Targets/original_3_2.png
/content/GANsig/Averages/original_3_avr.png,/content/GANsig/Inputs/original_3_13.png,/content/GANsig/Targets/original_3_13.png
/content/GANsig/Averages/original_3_avr.png,/content/GANsig/Inputs/original_3_11.png,/content/GANsig/Targets/original_3_11.png
/content/GANsig/Averages/original_3_avr.png,/content/GANsig/Inputs/original_3_8.png,/content/GANsig/Targets/original_3_8.png
/content/GANsig/Averages/original_3_avr.png,/content/GANsig/Inputs/original_3_4.png,/content/GANsig/Targets/original_3_4.png
/content/GANsig/Averages/original_3_avr.png,/content/GANsig/Inputs/original_3_24.png,/content/GANsig/Targets/original_3_24.png
/content/GANsig/Averages/original_3_avr.png,/content/GANsig/Inputs/original_3_1.png,/content/GANsig/Targets/original_3_1.png
/content/GANsig/Averages/original_3_avr.png,/content/GANsig/Inputs/original_3_5.png,/content/GANsig/Targets/original_3_5.png
/content/GANsig/Averages/original_3_avr.png,/content/GANsig/Inputs/original_3_19.png,/content/GANsig/Targets/original_3_19.png
/content/GANsig/Averages/original_3_avr.png,/content/GANsig/Inputs/original_3_12.png,/content/GANsig/Targets/original_3_12.png
/content/GANsig/Averages/original_3_avr.png,/content/GANsig/Inputs/original_3_15.png,/content/GANsig/Targets/original_3_15.png
/content/GANsig/Averages/original_3_avr.png,/content/GANsig/Inputs/original_3_7.png,/content/GANsig/Targets/original_3_7.png
/content/GANsig/Averages/original_3_avr.png,/content/GANsig/Inputs/original_3_18.png,/content/GANsig/Targets/original_3_18.png
/content/GANsig/Averages/original_3_avr.png,/content/GANsig/Inputs/original_3_3.png,/content/GANsig/Targets/original_3_3.png
/content/GANsig/Averages/original_3_avr.png,/content/GANsig/Inputs/original_3_21.png,/content/GANsig/Targets/original_3_21.png
/content/GANsig/Averages/original_3_avr.png,/content/GANsig/Inputs/original_3_6.png,/content/GANsig/Targets/original_3_6.png
/content/GANsig/Averages/original_3_avr.png,/content/GANsig/Inputs/original_3_22.png,/content/GANsig/Targets/original_3_22.png
/content/GANsig/Averages/original_3_avr.png,/content/GANsig/Inputs/original_3_23.png,/content/GANsig/Targets/original_3_23.png
/content/GANsig/Averages/original_8_avr.png,/content/GANsig/Inputs/original_8_19.png,/content/GANsig/Targets/original_8_19.png
/content/GANsig/Averages/original_8_avr.png,/content/GANsig/Inputs/original_8_4.png,/content/GANsig/Targets/original_8_4.png
/content/GANsig/Averages/original_8_avr.png,/content/GANsig/Inputs/original_8_10.png,/content/GANsig/Targets/original_8_10.png
/content/GANsig/Averages/original_8_avr.png,/content/GANsig/Inputs/original_8_21.png,/content/GANsig/Targets/original_8_21.png
/content/GANsig/Averages/original_8_avr.png,/content/GANsig/Inputs/original_8_6.png,/content/GANsig/Targets/original_8_6.png
/content/GANsig/Averages/original_8_avr.png,/content/GANsig/Inputs/original_8_15.png,/content/GANsig/Targets/original_8_15.png
/content/GANsig/Averages/original_8_avr.png,/content/GANsig/Inputs/original_8_5.png,/content/GANsig/Targets/original_8_5.png
/content/GANsig/Averages/original_8_avr.png,/content/GANsig/Inputs/original_8_18.png,/content/GANsig/Targets/original_8_18.png
/content/GANsig/Averages/original_8_avr.png,/content/GANsig/Inputs/original_8_8.png,/content/GANsig/Targets/original_8_8.png
/content/GANsig/Averages/original_8_avr.png,/content/GANsig/Inputs/original_8_20.png,/content/GANsig/Targets/original_8_20.png
/content/GANsig/Averages/original_8_avr.png,/content/GANsig/Inputs/original_8_11.png,/content/GANsig/Targets/original_8_11.png
/content/GANsig/Averages/original_8_avr.png,/content/GANsig/Inputs/original_8_1.png,/content/GANsig/Targets/original_8_1.png
/content/GANsig/Averages/original_8_avr.png,/content/GANsig/Inputs/original_8_17.png,/content/GANsig/Targets/original_8_17.png
/content/GANsig/Averages/original_8_avr.png,/content/GANsig/Inputs/original_8_14.png,/content/GANsig/Targets/original_8_14.png
/content/GANsig/Averages/original_8_avr.png,/content/GANsig/Inputs/original_8_9.png,/content/GANsig/Targets/original_8_9.png
/content/GANsig/Averages/original_8_avr.png,/content/GANsig/Inputs/original_8_16.png,/content/GANsig/Targets/original_8_16.png
/content/GANsig/Averages/original_8_avr.png,/content/GANsig/Inputs/original_8_7.png,/content/GANsig/Targets/original_8_7.png
/content/GANsig/Averages/original_8_avr.png,/content/GANsig/Inputs/original_8_12.png,/content/GANsig/Targets/original_8_12.png
/content/GANsig/Averages/original_8_avr.png,/content/GANsig/Inputs/original_8_13.png,/content/GANsig/Targets/original_8_13.png
/content/GANsig/Averages/original_8_avr.png,/content/GANsig/Inputs/original_8_23.png,/content/GANsig/Targets/original_8_23.png
/content/GANsig/Averages/original_8_avr.png,/content/GANsig/Inputs/original_8_22.png,/content/GANsig/Targets/original_8_22.png
/content/GANsig/Averages/original_8_avr.png,/content/GANsig/Inputs/original_8_2.png,/content/GANsig/Targets/original_8_2.png
/content/GANsig/Averages/original_8_avr.png,/content/GANsig/Inputs/original_8_24.png,/content/GANsig/Targets/original_8_24.png
/content/GANsig/Averages/original_8_avr.png,/content/GANsig/Inputs/original_8_3.png,/content/GANsig/Targets/original_8_3.png
/content/GANsig/Averages/original_4_avr.png,/content/GANsig/Inputs/original_4_24.png,/content/GANsig/Targets/original_4_24.png
/content/GANsig/Averages/original_4_avr.png,/content/GANsig/Inputs/original_4_16.png,/content/GANsig/Targets/original_4_16.png
/content/GANsig/Averages/original_4_avr.png,/content/GANsig/Inputs/original_4_3.png,/content/GANsig/Targets/original_4_3.png
/content/GANsig/Averages/original_4_avr.png,/content/GANsig/Inputs/original_4_1.png,/content/GANsig/Targets/original_4_1.png
/content/GANsig/Averages/original_4_avr.png,/content/GANsig/Inputs/original_4_23.png,/content/GANsig/Targets/original_4_23.png
/content/GANsig/Averages/original_4_avr.png,/content/GANsig/Inputs/original_4_7.png,/content/GANsig/Targets/original_4_7.png
/content/GANsig/Averages/original_4_avr.png,/content/GANsig/Inputs/original_4_15.png,/content/GANsig/Targets/original_4_15.png
/content/GANsig/Averages/original_4_avr.png,/content/GANsig/Inputs/original_4_11.png,/content/GANsig/Targets/original_4_11.png
/content/GANsig/Averages/original_4_avr.png,/content/GANsig/Inputs/original_4_2.png,/content/GANsig/Targets/original_4_2.png
/content/GANsig/Averages/original_4_avr.png,/content/GANsig/Inputs/original_4_9.png,/content/GANsig/Targets/original_4_9.png
/content/GANsig/Averages/original_4_avr.png,/content/GANsig/Inputs/original_4_19.png,/content/GANsig/Targets/original_4_19.png
/content/GANsig/Averages/original_4_avr.png,/content/GANsig/Inputs/original_4_5.png,/content/GANsig/Targets/original_4_5.png
/content/GANsig/Averages/original_4_avr.png,/content/GANsig/Inputs/original_4_14.png,/content/GANsig/Targets/original_4_14.png
/content/GANsig/Averages/original_4_avr.png,/content/GANsig/Inputs/original_4_10.png,/content/GANsig/Targets/original_4_10.png
/content/GANsig/Averages/original_4_avr.png,/content/GANsig/Inputs/original_4_12.png,/content/GANsig/Targets/original_4_12.png
/content/GANsig/Averages/original_4_avr.png,/content/GANsig/Inputs/original_4_4.png,/content/GANsig/Targets/original_4_4.png
/content/GANsig/Averages/original_4_avr.png,/content/GANsig/Inputs/original_4_21.png,/content/GANsig/Targets/original_4_21.png
/content/GANsig/Averages/original_4_avr.png,/content/GANsig/Inputs/original_4_8.png,/content/GANsig/Targets/original_4_8.png
/content/GANsig/Averages/original_4_avr.png,/content/GANsig/Inputs/original_4_18.png,/content/GANsig/Targets/original_4_18.png
/content/GANsig/Averages/original_4_avr.png,/content/GANsig/Inputs/original_4_20.png,/content/GANsig/Targets/original_4_20.png
/content/GANsig/Averages/original_4_avr.png,/content/GANsig/Inputs/original_4_6.png,/content/GANsig/Targets/original_4_6.png
/content/GANsig/Averages/original_4_avr.png,/content/GANsig/Inputs/original_4_22.png,/content/GANsig/Targets/original_4_22.png
/content/GANsig/Averages/original_4_avr.png,/content/GANsig/Inputs/original_4_13.png,/content/GANsig/Targets/original_4_13.png
/content/GANsig/Averages/original_4_avr.png,/content/GANsig/Inputs/original_4_17.png,/content/GANsig/Targets/original_4_17.png
/content/GANsig/Averages/original_10_avr.png,/content/GANsig/Inputs/original_10_9.png,/content/GANsig/Targets/original_10_9.png
/content/GANsig/Averages/original_10_avr.png,/content/GANsig/Inputs/original_10_11.png,/content/GANsig/Targets/original_10_11.png
/content/GANsig/Averages/original_10_avr.png,/content/GANsig/Inputs/original_10_15.png,/content/GANsig/Targets/original_10_15.png
/content/GANsig/Averages/original_10_avr.png,/content/GANsig/Inputs/original_10_22.png,/content/GANsig/Targets/original_10_22.png
/content/GANsig/Averages/original_10_avr.png,/content/GANsig/Inputs/original_10_19.png,/content/GANsig/Targets/original_10_19.png
/content/GANsig/Averages/original_10_avr.png,/content/GANsig/Inputs/original_10_18.png,/content/GANsig/Targets/original_10_18.png
/content/GANsig/Averages/original_10_avr.png,/content/GANsig/Inputs/original_10_24.png,/content/GANsig/Targets/original_10_24.png
/content/GANsig/Averages/original_10_avr.png,/content/GANsig/Inputs/original_10_7.png,/content/GANsig/Targets/original_10_7.png
/content/GANsig/Averages/original_10_avr.png,/content/GANsig/Inputs/original_10_8.png,/content/GANsig/Targets/original_10_8.png
/content/GANsig/Averages/original_10_avr.png,/content/GANsig/Inputs/original_10_4.png,/content/GANsig/Targets/original_10_4.png
/content/GANsig/Averages/original_10_avr.png,/content/GANsig/Inputs/original_10_17.png,/content/GANsig/Targets/original_10_17.png
/content/GANsig/Averages/original_10_avr.png,/content/GANsig/Inputs/original_10_21.png,/content/GANsig/Targets/original_10_21.png
/content/GANsig/Averages/original_10_avr.png,/content/GANsig/Inputs/original_10_16.png,/content/GANsig/Targets/original_10_16.png
/content/GANsig/Averages/original_10_avr.png,/content/GANsig/Inputs/original_10_5.png,/content/GANsig/Targets/original_10_5.png
/content/GANsig/Averages/original_10_avr.png,/content/GANsig/Inputs/original_10_14.png,/content/GANsig/Targets/original_10_14.png
/content/GANsig/Averages/original_10_avr.png,/content/GANsig/Inputs/original_10_3.png,/content/GANsig/Targets/original_10_3.png
/content/GANsig/Averages/original_10_avr.png,/content/GANsig/Inputs/original_10_13.png,/content/GANsig/Targets/original_10_13.png
/content/GANsig/Averages/original_10_avr.png,/content/GANsig/Inputs/original_10_20.png,/content/GANsig/Targets/original_10_20.png
/content/GANsig/Averages/original_10_avr.png,/content/GANsig/Inputs/original_10_6.png,/content/GANsig/Targets/original_10_6.png
/content/GANsig/Averages/original_10_avr.png,/content/GANsig/Inputs/original_10_12.png,/content/GANsig/Targets/original_10_12.png
/content/GANsig/Averages/original_10_avr.png,/content/GANsig/Inputs/original_10_10.png,/content/GANsig/Targets/original_10_10.png
/content/GANsig/Averages/original_10_avr.png,/content/GANsig/Inputs/original_10_23.png,/content/GANsig/Targets/original_10_23.png
/content/GANsig/Averages/original_10_avr.png,/content/GANsig/Inputs/original_10_2.png,/content/GANsig/Targets/original_10_2.png
/content/GANsig/Averages/original_10_avr.png,/content/GANsig/Inputs/original_10_1.png,/content/GANsig/Targets/original_10_1.png
/content/GANsig/Averages/original_9_avr.png,/content/GANsig/Inputs/original_9_15.png,/content/GANsig/Targets/original_9_15.png
/content/GANsig/Averages/original_9_avr.png,/content/GANsig/Inputs/original_9_17.png,/content/GANsig/Targets/original_9_17.png
/content/GANsig/Averages/original_9_avr.png,/content/GANsig/Inputs/original_9_1.png,/content/GANsig/Targets/original_9_1.png
/content/GANsig/Averages/original_9_avr.png,/content/GANsig/Inputs/original_9_24.png,/content/GANsig/Targets/original_9_24.png
/content/GANsig/Averages/original_9_avr.png,/content/GANsig/Inputs/original_9_20.png,/content/GANsig/Targets/original_9_20.png
/content/GANsig/Averages/original_9_avr.png,/content/GANsig/Inputs/original_9_9.png,/content/GANsig/Targets/original_9_9.png
/content/GANsig/Averages/original_9_avr.png,/content/GANsig/Inputs/original_9_22.png,/content/GANsig/Targets/original_9_22.png
/content/GANsig/Averages/original_9_avr.png,/content/GANsig/Inputs/original_9_19.png,/content/GANsig/Targets/original_9_19.png
/content/GANsig/Averages/original_9_avr.png,/content/GANsig/Inputs/original_9_6.png,/content/GANsig/Targets/original_9_6.png
/content/GANsig/Averages/original_9_avr.png,/content/GANsig/Inputs/original_9_5.png,/content/GANsig/Targets/original_9_5.png
/content/GANsig/Averages/original_9_avr.png,/content/GANsig/Inputs/original_9_21.png,/content/GANsig/Targets/original_9_21.png
/content/GANsig/Averages/original_9_avr.png,/content/GANsig/Inputs/original_9_14.png,/content/GANsig/Targets/original_9_14.png
/content/GANsig/Averages/original_9_avr.png,/content/GANsig/Inputs/original_9_23.png,/content/GANsig/Targets/original_9_23.png
/content/GANsig/Averages/original_9_avr.png,/content/GANsig/Inputs/original_9_2.png,/content/GANsig/Targets/original_9_2.png
/content/GANsig/Averages/original_9_avr.png,/content/GANsig/Inputs/original_9_4.png,/content/GANsig/Targets/original_9_4.png
/content/GANsig/Averages/original_9_avr.png,/content/GANsig/Inputs/original_9_3.png,/content/GANsig/Targets/original_9_3.png
/content/GANsig/Averages/original_9_avr.png,/content/GANsig/Inputs/original_9_7.png,/content/GANsig/Targets/original_9_7.png
/content/GANsig/Averages/original_9_avr.png,/content/GANsig/Inputs/original_9_13.png,/content/GANsig/Targets/original_9_13.png
/content/GANsig/Averages/original_9_avr.png,/content/GANsig/Inputs/original_9_8.png,/content/GANsig/Targets/original_9_8.png
/content/GANsig/Averages/original_9_avr.png,/content/GANsig/Inputs/original_9_16.png,/content/GANsig/Targets/original_9_16.png
/content/GANsig/Averages/original_9_avr.png,/content/GANsig/Inputs/original_9_11.png,/content/GANsig/Targets/original_9_11.png
/content/GANsig/Averages/original_9_avr.png,/content/GANsig/Inputs/original_9_10.png,/content/GANsig/Targets/original_9_10.png
/content/GANsig/Averages/original_9_avr.png,/content/GANsig/Inputs/original_9_12.png,/content/GANsig/Targets/original_9_12.png
/content/GANsig/Averages/original_9_avr.png,/content/GANsig/Inputs/original_9_18.png,/content/GANsig/Targets/original_9_18.png
/content/GANsig/Averages/original_1_avr.png,/content/GANsig/Inputs/original_1_16.png,/content/GANsig/Targets/original_1_16.png
/content/GANsig/Averages/original_1_avr.png,/content/GANsig/Inputs/original_1_2.png,/content/GANsig/Targets/original_1_2.png
/content/GANsig/Averages/original_1_avr.png,/content/GANsig/Inputs/original_1_22.png,/content/GANsig/Targets/original_1_22.png
/content/GANsig/Averages/original_1_avr.png,/content/GANsig/Inputs/original_1_3.png,/content/GANsig/Targets/original_1_3.png
/content/GANsig/Averages/original_1_avr.png,/content/GANsig/Inputs/original_1_1.png,/content/GANsig/Targets/original_1_1.png
/content/GANsig/Averages/original_1_avr.png,/content/GANsig/Inputs/original_1_23.png,/content/GANsig/Targets/original_1_23.png
/content/GANsig/Averages/original_1_avr.png,/content/GANsig/Inputs/original_1_10.png,/content/GANsig/Targets/original_1_10.png
/content/GANsig/Averages/original_1_avr.png,/content/GANsig/Inputs/original_1_20.png,/content/GANsig/Targets/original_1_20.png
/content/GANsig/Averages/original_1_avr.png,/content/GANsig/Inputs/original_1_19.png,/content/GANsig/Targets/original_1_19.png
/content/GANsig/Averages/original_1_avr.png,/content/GANsig/Inputs/original_1_14.png,/content/GANsig/Targets/original_1_14.png
/content/GANsig/Averages/original_1_avr.png,/content/GANsig/Inputs/original_1_13.png,/content/GANsig/Targets/original_1_13.png
/content/GANsig/Averages/original_1_avr.png,/content/GANsig/Inputs/original_1_15.png,/content/GANsig/Targets/original_1_15.png
/content/GANsig/Averages/original_1_avr.png,/content/GANsig/Inputs/original_1_8.png,/content/GANsig/Targets/original_1_8.png
/content/GANsig/Averages/original_1_avr.png,/content/GANsig/Inputs/original_1_9.png,/content/GANsig/Targets/original_1_9.png
/content/GANsig/Averages/original_1_avr.png,/content/GANsig/Inputs/original_1_5.png,/content/GANsig/Targets/original_1_5.png
/content/GANsig/Averages/original_1_avr.png,/content/GANsig/Inputs/original_1_24.png,/content/GANsig/Targets/original_1_24.png
/content/GANsig/Averages/original_1_avr.png,/content/GANsig/Inputs/original_1_17.png,/content/GANsig/Targets/original_1_17.png
/content/GANsig/Averages/original_1_avr.png,/content/GANsig/Inputs/original_1_6.png,/content/GANsig/Targets/original_1_6.png
/content/GANsig/Averages/original_1_avr.png,/content/GANsig/Inputs/original_1_7.png,/content/GANsig/Targets/original_1_7.png
/content/GANsig/Averages/original_1_avr.png,/content/GANsig/Inputs/original_1_4.png,/content/GANsig/Targets/original_1_4.png
/content/GANsig/Averages/original_1_avr.png,/content/GANsig/Inputs/original_1_21.png,/content/GANsig/Targets/original_1_21.png
/content/GANsig/Averages/original_1_avr.png,/content/GANsig/Inputs/original_1_12.png,/content/GANsig/Targets/original_1_12.png
/content/GANsig/Averages/original_1_avr.png,/content/GANsig/Inputs/original_1_18.png,/content/GANsig/Targets/original_1_18.png
/content/GANsig/Averages/original_1_avr.png,/content/GANsig/Inputs/original_1_11.png,/content/GANsig/Targets/original_1_11.png
/content/GANsig/Averages/original_7_avr.png,/content/GANsig/Inputs/original_7_20.png,/content/GANsig/Targets/original_7_20.png
/content/GANsig/Averages/original_7_avr.png,/content/GANsig/Inputs/original_7_22.png,/content/GANsig/Targets/original_7_22.png
/content/GANsig/Averages/original_7_avr.png,/content/GANsig/Inputs/original_7_10.png,/content/GANsig/Targets/original_7_10.png
/content/GANsig/Averages/original_7_avr.png,/content/GANsig/Inputs/original_7_7.png,/content/GANsig/Targets/original_7_7.png
/content/GANsig/Averages/original_7_avr.png,/content/GANsig/Inputs/original_7_8.png,/content/GANsig/Targets/original_7_8.png
/content/GANsig/Averages/original_7_avr.png,/content/GANsig/Inputs/original_7_16.png,/content/GANsig/Targets/original_7_16.png
/content/GANsig/Averages/original_7_avr.png,/content/GANsig/Inputs/original_7_5.png,/content/GANsig/Targets/original_7_5.png
/content/GANsig/Averages/original_7_avr.png,/content/GANsig/Inputs/original_7_13.png,/content/GANsig/Targets/original_7_13.png
/content/GANsig/Averages/original_7_avr.png,/content/GANsig/Inputs/original_7_6.png,/content/GANsig/Targets/original_7_6.png
/content/GANsig/Averages/original_7_avr.png,/content/GANsig/Inputs/original_7_2.png,/content/GANsig/Targets/original_7_2.png
/content/GANsig/Averages/original_7_avr.png,/content/GANsig/Inputs/original_7_15.png,/content/GANsig/Targets/original_7_15.png
/content/GANsig/Averages/original_7_avr.png,/content/GANsig/Inputs/original_7_14.png,/content/GANsig/Targets/original_7_14.png
/content/GANsig/Averages/original_7_avr.png,/content/GANsig/Inputs/original_7_12.png,/content/GANsig/Targets/original_7_12.png
/content/GANsig/Averages/original_7_avr.png,/content/GANsig/Inputs/original_7_19.png,/content/GANsig/Targets/original_7_19.png
/content/GANsig/Averages/original_7_avr.png,/content/GANsig/Inputs/original_7_18.png,/content/GANsig/Targets/original_7_18.png
/content/GANsig/Averages/original_7_avr.png,/content/GANsig/Inputs/original_7_3.png,/content/GANsig/Targets/original_7_3.png
/content/GANsig/Averages/original_7_avr.png,/content/GANsig/Inputs/original_7_17.png,/content/GANsig/Targets/original_7_17.png
/content/GANsig/Averages/original_7_avr.png,/content/GANsig/Inputs/original_7_9.png,/content/GANsig/Targets/original_7_9.png
/content/GANsig/Averages/original_7_avr.png,/content/GANsig/Inputs/original_7_1.png,/content/GANsig/Targets/original_7_1.png
/content/GANsig/Averages/original_7_avr.png,/content/GANsig/Inputs/original_7_4.png,/content/GANsig/Targets/original_7_4.png
/content/GANsig/Averages/original_7_avr.png,/content/GANsig/Inputs/original_7_11.png,/content/GANsig/Targets/original_7_11.png
/content/GANsig/Averages/original_7_avr.png,/content/GANsig/Inputs/original_7_24.png,/content/GANsig/Targets/original_7_24.png
/content/GANsig/Averages/original_7_avr.png,/content/GANsig/Inputs/original_7_23.png,/content/GANsig/Targets/original_7_23.png
/content/GANsig/Averages/original_7_avr.png,/content/GANsig/Inputs/original_7_21.png,/content/GANsig/Targets/original_7_21.png
/content/GANsig/Averages/original_5_avr.png,/content/GANsig/Inputs/original_5_4.png,/content/GANsig/Targets/original_5_4.png
/content/GANsig/Averages/original_5_avr.png,/content/GANsig/Inputs/original_5_16.png,/content/GANsig/Targets/original_5_16.png
/content/GANsig/Averages/original_5_avr.png,/content/GANsig/Inputs/original_5_5.png,/content/GANsig/Targets/original_5_5.png
/content/GANsig/Averages/original_5_avr.png,/content/GANsig/Inputs/original_5_10.png,/content/GANsig/Targets/original_5_10.png
/content/GANsig/Averages/original_5_avr.png,/content/GANsig/Inputs/original_5_21.png,/content/GANsig/Targets/original_5_21.png
/content/GANsig/Averages/original_5_avr.png,/content/GANsig/Inputs/original_5_19.png,/content/GANsig/Targets/original_5_19.png
/content/GANsig/Averages/original_5_avr.png,/content/GANsig/Inputs/original_5_23.png,/content/GANsig/Targets/original_5_23.png
/content/GANsig/Averages/original_5_avr.png,/content/GANsig/Inputs/original_5_22.png,/content/GANsig/Targets/original_5_22.png
/content/GANsig/Averages/original_5_avr.png,/content/GANsig/Inputs/original_5_20.png,/content/GANsig/Targets/original_5_20.png
/content/GANsig/Averages/original_5_avr.png,/content/GANsig/Inputs/original_5_6.png,/content/GANsig/Targets/original_5_6.png
/content/GANsig/Averages/original_5_avr.png,/content/GANsig/Inputs/original_5_9.png,/content/GANsig/Targets/original_5_9.png
/content/GANsig/Averages/original_5_avr.png,/content/GANsig/Inputs/original_5_14.png,/content/GANsig/Targets/original_5_14.png
/content/GANsig/Averages/original_5_avr.png,/content/GANsig/Inputs/original_5_2.png,/content/GANsig/Targets/original_5_2.png
/content/GANsig/Averages/original_5_avr.png,/content/GANsig/Inputs/original_5_7.png,/content/GANsig/Targets/original_5_7.png
/content/GANsig/Averages/original_5_avr.png,/content/GANsig/Inputs/original_5_24.png,/content/GANsig/Targets/original_5_24.png
/content/GANsig/Averages/original_5_avr.png,/content/GANsig/Inputs/original_5_17.png,/content/GANsig/Targets/original_5_17.png
/content/GANsig/Averages/original_5_avr.png,/content/GANsig/Inputs/original_5_11.png,/content/GANsig/Targets/original_5_11.png
/content/GANsig/Averages/original_5_avr.png,/content/GANsig/Inputs/original_5_8.png,/content/GANsig/Targets/original_5_8.png
/content/GANsig/Averages/original_5_avr.png,/content/GANsig/Inputs/original_5_18.png,/content/GANsig/Targets/original_5_18.png
/content/GANsig/Averages/original_5_avr.png,/content/GANsig/Inputs/original_5_1.png,/content/GANsig/Targets/original_5_1.png
/content/GANsig/Averages/original_5_avr.png,/content/GANsig/Inputs/original_5_15.png,/content/GANsig/Targets/original_5_15.png
/content/GANsig/Averages/original_5_avr.png,/content/GANsig/Inputs/original_5_3.png,/content/GANsig/Targets/original_5_3.png
/content/GANsig/Averages/original_5_avr.png,/content/GANsig/Inputs/original_5_12.png,/content/GANsig/Targets/original_5_12.png
/content/GANsig/Averages/original_5_avr.png,/content/GANsig/Inputs/original_5_13.png,/content/GANsig/Targets/original_5_13.png
